Item,Detail
Best scenario for telegrammer income,Scenario E (70% cashback share = ₹42/txn) — highest income but strains CashKaro margin
Best scenario for CashKaro CAC efficiency,Scenario A (10% = ₹6/txn) — lowest CAC but poor telegrammer incentive
Recommended scenario,Scenario D (55% cashback share = ₹33/txn)
Recommended scenario - Telegrammer Year 1 income,"₹2,475,601"
Recommended scenario - Telegrammer Year 3 income,"₹2,666,400"
Recommended scenario - Avg CashKaro CAC over 36 months,₹57 vs industry benchmark ₹150-300 (acquired users are pre-qualified deal-seekers)
Key message for telegrammer pitch,"CashKaro offers ₹2,475,601 in Year 1 vs EarnKaro ₹1939200, with growing base reaching ₹222,200/month by Month 36 — plus higher paid post rates from Month 7"
Key risk for CashKaro,"Retention assumption of 40%/month is critical — if retention drops to 20%, active base converges at 2700 instead of 5400, halving referral income"
Decision required from CashKaro leadership,"Approve Scenario D referral rate (₹33/txn = 55% cashback share) and confirm paid post budget of ₹44,000/month from Month 7 per premium channel"
